time_s,Ni,Hi,Ne,Ee,Ntot,loss_lo,Pi_lo,Ptot_lo,gamma_lo,qi_lo,qe_lo,qtot_lo,loss_hi,Pi_hi,Ptot_hi,gamma_hi,qi_hi,qe_hi,qtot_hi,loss,Pi,Ptot,n0,Ei,Etot
2.569708272188126e-06,9.96261142931302e+17,3270.9632659039826,9.962611436266938e+17,225.062251271481,1.9925222865579958e+18,1.1075862514964193e+24,4626377402.603331,4959992548.704073,1.4695362433792012e+23,613823912.9901391,44263780.61960555,658087693.6097448,1.107586251496386e+24,4626377402.603193,4959992548.703925,1.4695362433791754e+23,613823912.9901286,44263780.619604774,658087693.6097333,2.2151725029928053e+24,9252754805.206524,9919985097.407997,1.0042116352363734e+17,3188.3110145969276,3413.3732658684085
0.02000253797339754,9.33696220446072e+18,42726.16665432235,9.336976260932233e+18,2109.2872193169287,1.867393846539295e+19,1.1075862514964184e+24,4626377402.603333,4959992548.704075,1.4695362433792e+23,613823912.9901395,44263780.61960552,658087693.609745,1.1075862514963871e+24,4626377402.603193,4959992548.703925,1.4695362433791769e+23,613823912.9901286,44263780.619604826,658087693.6097333,2.2151725029928056e+24,9252754805.206528,9919985097.408,3.442093091164633e+18,36755.053584636604,38864.340803953535
0.04000124253635458,1.765475686993416e+19,81294.08385598676,1.7654760599508128e+19,3988.331966576568,3.5309517469442286e+19,1.1075862514964186e+24,4626377402.603333,4959992548.704075,1.4695362433792003e+23,613823912.9901395,44263780.61960553,658087693.609745,1.1075862514963847e+24,4626377402.603193,4959992548.703925,1.4695362433791737e+23,613823912.9901286,44263780.61960472,658087693.6097333,2.2151725029928035e+24,9252754805.206528,9919985097.408,6.450957456528552e+18,67961.61762060487,71949.94958718144
0.06000149958072799,2.5320020647081554e+19,114903.50690886904,2.5320019914418225e+19,5719.966818572632,5.064004056149978e+19,1.107586251496419e+24,4626377402.603337,4959992548.704079,1.4695362433792009e+23,613823912.9901401,44263780.61960554,658087693.6097455,1.1075862514963858e+24,4626377402.603191,4959992548.703923,1.469536243379175e+23,613823912.9901284,44263780.61960477,658087693.6097331,2.2151725029928048e+24,9252754805.206528,9919985097.408,9.456650703667081e+18,94358.30999631088,100078.27681488352
0.08000097701557962,3.1490894191988662e+19,140815.26352769494,3.149089189003849e+19,7114.009282263939,6.298178608202715e+19,1.1075862514964177e+24,4626377402.603335,4959992548.704077,1.469536243379199e+23,613823912.9901398,44263780.61960549,658087693.6097453,1.1075862514963858e+24,4626377402.603195,4959992548.703927,1.469536243379175e+23,613823912.9901289,44263780.61960477,658087693.6097336,2.2151725029928035e+24,9252754805.206532,9919985097.408005,1.2831131944145138e+19,114221.66199152064,121335.67127378458
0.10000000051772158,3.597941487650798e+19,159014.23177000054,3.5979831649253605e+19,8128.091678725904,7.1959246525761585e+19,1.1070919755539569e+24,4624229759.616615,4957696025.266253,1.4688804421621875e+23,613538965.5016204,44244027.28495271,657782992.7865732,1.1070919755539259e+24,4624229759.616479,4957696025.2661085,1.4688804421621647e+23,613538965.50161,44244027.284952015,657782992.7865621,2.2141839511078826e+24,9248459519.233093,9915392050.532362,1.6100668429188313e+19,127892.80742357628,136020.89910230218
0.10000300051590666,3.518872375451244e+19,172433.99084989948,3.5192404727738323e+19,7950.206515983321,7.038112848225077e+19,4.866977177701919e+22,185535277.8255502,200195059.8516839,6.457464914059117e+21,24616666.63175955,1945047.7087754027,26561714.34053495,4.866976921366842e+22,185535264.0355092,200195045.28953815,6.457464573955946e+21,24616664.802108664,1945047.6063332057,26561712.40844187,9.733954099068761e+22,371070541.8610594,400390105.14122206,1.721699716774219e+19,124902.1243179576,132852.3308339409
0.1000060004726435,3.516364715952529e+19,175730.56549580314,3.516525494144478e+19,7944.073192342227,7.032890210097007e+19,2.5798560254358146e+22,97013015.9252189,104783779.09316014,3.422931556757772e+21,12871606.413407497,1031018.4058873504,13902624.819294846,2.579856105667063e+22,97013029.11663942,104783792.52624455,3.422931663207969e+21,12871608.163634382,1031018.4379511268,13902626.601585507,5.159712131102877e+22,194026045.04185832,209567571.61940467,1.7208773388307522e+19,124851.67064759471,132795.74383993694
0.10000900039170353,3.5150982987506885e+19,178927.09938580636,3.515151032825053e+19,7940.9681895944195,7.030249331575742e+19,1.4018285396155938e+22,51307426.011896305,55529862.25485429,1.8599344684761206e+21,6807426.688179883,560229.3352776172,7367656.0234575,1.401828504835112e+22,51307411.27105419,55529847.40925018,1.8599344223296894e+21,6807424.732377274,560229.3213778886,7367654.053755163,2.803657044450706e+22,102614837.28295049,111059709.66410446,1.7196577421463423e+19,124826.99950965159,132767.96769924602
0.1000120001266152,3.5143347344606306e+19,182008.92059820323,3.5143466271870173e+19,7939.150981877301,7.028681361647648e+19,7.80449916800039e+21,27543489.137702517,29894275.9289414,1.035494470367798e+21,3654447.2723717303,311900.4398542592,3966347.7122259894,7.804498902290456e+21,27543485.856044345,29894272.567248955,1.0354944351136375e+21,3654446.836964094,311900.4292353824,3966347.2661994766,1.5608998070290846e+22,55086974.99374686,59788548.496190354,1.7190349507330154e+19,124814.41609156787,132753.56707344516
0.10001675762356473,3.5138859301285065e+19,184945.42621561256,3.513886817317621e+19,7938.112239725809,7.027772747446128e+19,4.4738339366232386e+21,15093271.304826474,16440831.15434655,5.935845725644557e+20,2002562.7063924868,178793.12209923862,2181355.8284917255,4.473833889210035e+21,15093274.323323578,16440834.15856236,5.935845662737186e+20,2002563.1068842018,178793.1202044109,2181356.2270886125,8.947667825833273e+21,30186545.628150053,32881665.31290891,1.7187542414600655e+19,124809.27745908806,132747.38969881387
0.12001567151099542,3.835076586504189e+19,200083.3359415484,3.835077364199592e+19,8663.703798031309,7.67015395070378e+19,4.4738339366232386e+21,15093275.204212166,16440835.053732242,5.935845725644557e+20,2002563.2237597434,178793.12209923862,2181356.345858982,4.473833889210035e+21,15093278.222709231,16440838.057948014,5.935845662737186e+20,2002563.624251453,178793.1202044109,2181356.7444558637,8.947667825833273e+21,30186553.426921397,32881673.111680254,1.836973752144423e+19,133910.70130666177,142574.40510469308
0.1400152731529849,4.060554386176582e+19,210314.4574331168,4.060555043397899e+19,9173.073398727336,8.12110942957448e+19,4.4738339366232386e+21,15093275.204212172,16440835.053732248,5.935845725644557e+20,2002563.223759744,178793.12209923862,2181356.3458589828,4.4738338892100346e+21,15093278.222709233,16440838.057948016,5.935845662737185e+20,2002563.6242514532,178793.12020441086,2181356.744455864,8.947667825833273e+21,30186553.426921405,32881673.11168026,2.078074287721481e+19,139943.56541600477,149116.6388147321
0.1600158389435146,4.204592527345766e+19,216788.26326958934,4.204593227952497e+19,9498.465574185218,8.409185755298264e+19,4.4738339366232376e+21,15093275.204212172,16440835.053732246,5.935845725644556e+20,2002563.223759744,178793.1220992386,2181356.3458589823,4.4738338892100293e+21,15093278.22270924,16440838.057948021,5.935845662737178e+20,2002563.6242514541,178793.12020441066,2181356.7444558647,8.947667825833267e+21,30186553.426921412,32881673.11168027,2.224930156200765e+19,143703.7091090054,153202.17468319062
0.180015723691601,4.301468469339098e+19,221030.38104336074,4.301469164907037e+19,9717.31498535093,8.602937634246135e+19,4.473833936623239e+21,15093275.20421217,16440835.053732246,5.935845725644557e+20,2002563.2237597439,178793.12209923865,2181356.3458589823,4.4738338892100346e+21,15093278.222709252,16440838.057948034,5.935845662737185e+20,2002563.6242514555,178793.12020441086,2181356.7444558665,8.947667825833273e+21,30186553.42692142,32881673.11168028,2.3085515703357866e+19,146117.73718180927,155835.0521671602
0.2000150005183286,4.365778664919773e+19,223762.34821046903,4.365779355595093e+19,9862.596133657522,8.731558020514867e+19,4.4713717815595704e+21,15083101.169717135,16429919.395530544,5.932578958746726e+20,2001213.3413093572,178694.72408152904,2179908.0653908863,4.471371734183676e+21,15083104.188192938,16429922.39973629,5.932578895888857e+20,2001213.7417982458,178694.7221881923,2179908.4639864382,8.942743515743247e+21,30166205.357910074,32859841.795266837,2.3670439040869704e+19,147629.57402573986,157492.17015939738
0.20001800005088055,4.3652066965149794e+19,233748.91206530065,4.365206575280172e+19,9861.302183492116,8.730413271795152e+19,9.770881774483719e+20,2187677.7778839716,2481985.706167063,1.2963924821184481e+20,290259.27137433086,39048.53159214642,329307.8029664773,9.770879544740399e+20,2187692.476443175,2482000.337564351,1.2963921862779717e+20,290261.22156696697,39048.5226811597,329309.74424812663,1.954176131922412e+21,4375370.254327146,4963986.043731414,2.46514870584421e+19,147638.6057139698,157499.9078974619
0.20002100051274238,4.36501184242166e+19,234720.27935618203,4.365011719743144e+19,9860.861991418817,8.730023562164804e+19,8.425325518068992e+20,1858120.6094497617,2111899.148128741,1.1178651950890577e+20,246533.8998626151,33671.12582669829,280205.0256893134,8.42533196379722e+20,1858133.6247301798,2111912.35756041,1.1178660503029416e+20,246535.62671921885,33671.15158652553,280206.7783057444,1.685065748186621e+21,3716254.2341799415,4223811.505689152,2.4633508396300296e+19,147639.17732675804,157500.03931817686
0.2000240001964348,4.3648456128999145e+19,235684.51971805468,4.36484549294663e+19,9860.486473641333,8.729691105846546e+19,7.27305699525506e+20,1588662.6976925489,1807733.8507330292,9.649831640876497e+19,210782.44783280639,29066.178714019396,239848.62654682578,7.273052197381371e+20,1588645.1448345915,1807716.153358712,9.64982527509764e+19,210780.1189341875,29066.159539709122,239846.27847389661,1.454610919263643e+21,3177307.8425271404,3615450.0040917415,2.462322041837019e+19,147639.5025744495,157499.98904809082
0.2000270001595409,4.364723142858577e+19,236824.62837998068,4.364723025095704e+19,9860.209810334592,8.72944616795428e+19,6.113654690350461e+20,1324936.9856305472,1509085.8769674625,8.1115462880087e+19,175791.53929972483,24432.72202341618,200224.261323141,6.113652506236923e+20,1324935.258327947,1509084.0838773577,8.111543390145092e+19,175791.310122652,24432.71329478498,200224.02341743698,1.2227307196587385e+21,2649872.243958494,3018169.9608448204,2.4616997408058786e+19,147640.1122416535,157500.3220519881
0.2000312116829452,4.364630307978504e+19,237804.13672102898,4.364630192157222e+19,9860.00009433533,8.729260500135726e+19,5.2667898591677874e+20,1149004.8400375987,1307645.3852749777,6.987933060610155e+19,152449.00828013135,21048.29583978633,173497.30411991768,5.266789458022046e+20,1149006.7326893623,1307647.2658438634,6.987932528373403e+19,152449.25939559797,21048.294236640377,173497.55363223836,1.0533579317189833e+21,2298011.572726961,2615292.651118841,2.4613623822957605e+19,147641.06519908863,157501.06529342395
0.22003059755563012,4.405962178036423e+19,239739.81624072284,4.405961952385039e+19,9953.371386243834,8.811924130421462e+19,5.266789859167781e+20,1149004.8932467494,1307645.438484128,6.987933060610146e+19,152449.0153398773,21048.2958397863,173497.31117966358,5.266789458022042e+20,1149006.7858985097,1307647.3190530105,6.987932528373398e+19,152449.2664553435,21048.294236640362,173497.56069198385,1.0533579317189822e+21,2298011.679145259,2615292.7575371386,2.358032951329719e+19,148633.75031724598,158587.12170348983
0.24003081009685887,4.4378937726710284e+19,241046.94997467002,4.437893466211505e+19,10025.506874356031,8.875787238882533e+19,5.2667898591677874e+20,1149004.8932467494,1307645.4384841283,6.987933060610155e+19,152449.0153398773,21048.29583978633,173497.3111796636,5.2667894580220455e+20,1149006.7858985101,1307647.3190530112,6.987932528373402e+19,152449.26645534355,21048.294236640373,173497.56069198393,1.0533579317189833e+21,2298011.67914526,2615292.7575371396,2.41031882224393e+19,149244.96332986275,159270.4702042188
0.26003013817253545,4.449237652341577e+19,241553.33222808206,4.4492373786634174e+19,10051.133553575515,8.898475031004994e+19,5.2667898591677874e+20,1149004.8932467499,1307645.4384841288,6.987933060610155e+19,152449.01533987737,21048.29583978633,173497.31117966367,5.266789458022042e+20,1149006.7858985094,1307647.3190530103,6.987932528373398e+19,152449.26645534346,21048.294236640362,173497.56069198382,1.053357931718983e+21,2298011.6791452593,2615292.757537139,2.4333579221893464e+19,149495.7178585616,159546.85141213713
0.28003066048568975,4.45787205002521e+19,241942.79535122437,4.45787177384945e+19,10070.639246750141,8.91574382387466e+19,5.2667898591677855e+20,1149004.8932467506,1307645.4384841295,6.987933060610153e+19,152449.01533987746,21048.295839786322,173497.31117966378,5.2667894580220396e+20,1149006.78589851,1307647.3190530108,6.987932528373395e+19,152449.26645534352,21048.294236640348,173497.56069198388,1.0533579317189825e+21,2298011.6791452607,2615292.7575371405,2.4377753777694126e+19,149694.40183947491,159765.04108622504
0.30003000051859197,4.4640028638198006e+19,242205.2698838046,4.464002586196846e+19,10084.489173928947,8.928005450016647e+19,5.266585988960133e+20,1148946.0507102844,1307580.455189865,6.987662567311156e+19,152441.2081609898,21047.481089139656,173488.68925012945,5.266585588771986e+20,1148947.9429670097,1307582.3353925562,6.987662036344932e+19,152441.45922404306,21047.479489820653,173488.93871386375,1.0533171577732119e+21,2297893.993677294,2615162.7905824212,2.445190719457654e+19,149820.40662530137,159904.89579923032
0.30003300006343225,4.4638850233954574e+19,243890.15759909523,4.463884900654713e+19,10084.223314187133,8.92776992405017e+19,4.0965399226788466e+20,886770.1819858501,1010161.7248986997,5.435255160212556e+19,117655.9315552672,16371.487474851396,134027.41903011862,4.096553661956117e+20,886812.8531475354,1010204.8099000283,5.435273389371644e+19,117661.59312957576,16371.542382751924,134033.1355123277,8.193093584634964e+20,1773583.0351333856,2020366.5347987278,2.5466596969858474e+19,149834.70618799177,159918.92950217891
0.3000360002816675,4.463829052280042e+19,244617.33608648577,4.463828928546986e+19,10084.096869342287,8.927657980827029e+19,3.676490046952991e+20,802648.3616860295,913387.6167548805,4.877936472325187e+19,106494.71827525401,14692.792427553586,121187.5107028076,3.6764947771314e+20,802652.8395997213,913392.237145888,4.877942748286692e+19,106495.31240112643,14692.811331325742,121188.12373245218,7.352984824084392e+20,1605301.2012857506,1826779.8539007686,2.5448126480724128e+19,149835.36767316936,159919.46454251165
0.3000390000902411,4.463786562996013e+19,245022.96607660176,4.463786441841076e+19,10084.000888948578,8.927573004837088e+19,3.4612341310871496e+20,769343.4491777198,873598.9984653182,4.592336710194463e+19,102075.85013316489,13832.539727225743,115908.38986039063,3.4612287680099746e+20,769324.3639008198,873579.7516476107,4.592329594508249e+19,102073.31791447154,13832.518294125679,115905.83620859722,6.922462899097124e+20,1538667.8130785394,1747178.750112929,2.5437920382069522e+19,149836.26127834976,159920.26216729835
0.30004200046197904,4.4637535191372775e+19,245627.11949085028,4.463753400140726e+19,10083.926245472689,8.927506919278004e+19,3.163894106904864e+20,704764.9964049909,800064.3912192787,4.197828434606203e+19,93507.63463187452,12644.244587045821,106151.87921892034,3.16389219391658e+20,704765.7698212464,800065.107014571,4.197825896469282e+19,93507.73724810238,12644.236941944428,106151.9741900468,6.327786300821444e+20,1409530.7662262372,1600129.4982338496,2.5431915582430552e+19,149837.28908601246,159921.21533148515
0.30004617220703317,4.463725506934006e+19,246133.74039926825,4.463725389747842e+19,10083.862968066749,8.927450896681848e+19,2.93448764914604e+20,662949.8727737765,751339.3344954259,3.893453850968713e+19,87959.6387431182,11727.440400894347,99687.07914401253,2.9344874348793722e+20,662950.7651912408,751340.2204589815,3.8934535666815255e+19,87959.75714832757,11727.439544595243,99687.19669292281,5.868975084025412e+20,1325900.6379650175,1502679.5549544073,2.5428563282138145e+19,149838.45110025888,159922.31406832562
0.32004573330624986,4.465732602064901e+19,246325.74813034522,4.465732372669761e+19,10088.39688066131,8.931464974734662e+19,2.9344876491460362e+20,662949.8887259653,751339.3504476146,3.893453850968708e+19,87959.64085964135,11727.440400894331,99687.08126053568,2.9344874348793764e+20,662950.7811434256,751340.2364111664,3.893453566681531e+19,87959.7592648502,11727.439544595258,99687.19880944546,5.868975084025412e+20,1325900.6698693908,1502679.586858781,2.409421535358771e+19,149960.11512950828,160048.5120101696
0.3400456205053297,4.473998341550327e+19,246602.31424366124,4.4739980306549424e+19,10107.069571112883,8.94799637220527e+19,2.934487649146037e+20,662949.8887259652,751339.3504476144,3.893453850968709e+19,87959.64085964134,11727.440400894333,99687.08126053566,2.9344874348793754e+20,662950.7811434269,751340.2364111677,3.8934535666815295e+19,87959.75926485038,11727.439544595254,99687.19880944563,5.868975084025412e+20,1325900.6698693922,1502679.586858782,2.440058521336724e+19,150057.50291577476,160164.57248688766
0.36004573119418426,4.470525074363126e+19,246472.50460099633,4.470524795955059e+19,10099.223294805211,8.941049870318184e+19,2.9344876491460408e+20,662949.8887259654,751339.3504476148,3.893453850968714e+19,87959.64085964137,11727.440400894351,99687.08126053572,2.9344874348793738e+20,662950.7811434271,751340.2364111679,3.893453566681528e+19,87959.7592648504,11727.439544595249,99687.19880944566,5.868975084025415e+20,1325900.6698693926,1502679.5868587827,2.4507995166524383e+19,150003.81399620473,160103.03729100994
0.3800454851476175,4.470028407686832e+19,246483.70763671462,4.470028127532016e+19,10098.101286643574,8.940056535218848e+19,2.9344876491460385e+20,662949.8887259656,751339.350447615,3.893453850968711e+19,87959.6408596414,11727.440400894342,99687.08126053575,2.9344874348793738e+20,662950.781143426,751340.2364111667,3.893453566681528e+19,87959.75926485026,11727.439544595249,99687.19880944552,5.868975084025412e+20,1325900.6698693917,1502679.5868587818,2.4475189741629383e+19,150027.2617647993,160125.36305144287
0.4000450005186683,4.470620793875109e+19,246525.0936568583,4.4706205122735825e+19,10099.439524558486,8.94124130614869e+19,2.9344425150811134e+20,662936.8386461008,751324.9408882835,3.893393967466068e+19,87957.90938587903,11727.260026287342,99685.16941216636,2.9344423008778197e+20,662937.7281447351,751325.823934918,3.893393683262965e+19,87958.02740382047,11727.259170241507,99685.28657406197,5.8688848159589335e+20,1325874.566790836,1502650.7648232016,2.450157840065545e+19,150054.72249146955,160154.16201602804
0.40004800005619195,4.470590635060871e+19,247408.24911077393,4.470590512450331e+19,10099.371752892594,8.941181147511202e+19,2.5727941751758602e+20,571109.0713085564,648603.993575674,3.4135619524598686e+19,75774.27745032581,10281.961950640147,86056.23940096596,2.5728127717238637e+20,571171.0617303133,648666.5441425277,3.413586626205415e+19,75782.50228802145,10282.03627022667,86064.53855824812,5.1456069468997236e+20,1142280.1330388696,1297270.5377182018,2.5517203502846124e+19,150069.10979457683,160168.48154746942
0.40005100010233785,4.470578126287216e+19,247643.37946195246,4.470578002442161e+19,10099.34349192286,8.941156128729376e+19,2.4848500766351524e+20,553418.4279891677,628264.3932794615,3.2968784526220235e+19,73427.09758136193,9930.500538101345,83357.59811946328,2.4848557410407596e+20,553418.5308901372,628264.6667975276,3.2968859681083986e+19,73427.11123417804,9930.523175436196,83357.63440961424,4.9697058176759117e+20,1106836.958879305,1256529.0600769892,2.549890189918019e+19,150069.86487435765,160169.2083662805
0.40005400017320586,4.470566819763966e+19,247702.3554921385,4.470566698575194e+19,10099.317955709139,8.941133518339159e+19,2.4634122102651568e+20,555542.4247613992,629742.6618376193,3.2684348694980317e+19,73708.90770977382,9844.82585473724,83553.73356451107,2.4634070611405206e+20,555522.5826402403,629722.6646200997,3.268428037682253e+19,73706.27507361218,9844.805276680985,83551.08035029317,4.9268192714056774e+20,1111065.0074016396,1259465.3264577189,2.5488754148693443e+19,150070.93313959736,160170.2510953065
0.4000570002162703,4.470558094215161e+19,247936.3158646399,4.470557975067428e+19,10099.2982487045,8.941116069282588e+19,2.3795880837517853e+20,542650.0014200461,614325.3788588571,3.1572177143423267e+19,71998.35168404586,9509.82957416722,81508.1812582131,2.3795868717227033e+20,542653.0273118294,614328.3682432118,3.1572161062322426e+19,71998.7531568565,9509.824730392027,81508.57788724852,4.7591749554744885e+20,1085303.0287318756,1228653.7471020687,2.5482763899002634e+19,150072.07310184315,160171.37135054765
0.40006116949760406,4.4705491401198e+19,248160.8842813841,4.4705490221287236e+19,10099.27802339958,8.941098162248524e+19,2.3018686928891285e+20,531612.0440637156,600946.4421067933,3.0541002717668872e+19,70533.84466564558,9199.230371406607,79733.07503705219,2.3018690677517078e+20,531609.1203453982,600943.5296796808,3.0541007691314835e+19,70533.45674912736,9199.231869514428,79732.68861864178,4.6037377606408366e+20,1063221.1644091138,1201889.971786474,2.5479434533004935e+19,150073.3075284723,160172.5855518719
0.420060239447095,4.469682651441167e+19,248235.9931162339,4.4696824178689016e+19,10097.320304713572,8.939365069310068e+19,2.3018686928891268e+20,531612.0609480479,600946.4589911255,3.0541002717668848e+19,70533.84690584477,9199.2303714066,79733.07727725137,2.3018690677517117e+20,531609.1372297333,600943.546564016,3.0541007691314885e+19,70533.45898932691,9199.231869514442,79732.69085884136,4.6037377606408385e+20,1063221.1981777812,1201890.0055551415,2.4122948390541795e+19,150144.8405567153,160242.16086142886
0.4400606566543939,4.476377539756941e+19,248450.40471306242,4.4763772227177595e+19,10112.444329782193,8.9527547624747e+19,2.3018686928891278e+20,531612.060948048,600946.4589911257,3.0541002717668864e+19,70533.8469058448,9199.230371406604,79733.0772772514,2.3018690677517117e+20,531609.1372297339,600943.5465640166,3.0541007691314885e+19,70533.458989327,9199.231869514442,79732.69085884144,4.603737760640839e+20,1063221.198177782,1201890.0055551422,2.441419030842164e+19,150213.82648553533,160326.27081531752
0.4600600096304361,4.4719235021301826e+19,248279.40003487244,4.4719232180901724e+19,10102.382426685102,8.943846720220355e+19,2.3018686928891278e+20,531612.0609480484,600946.458991126,3.0541002717668864e+19,70533.84690584484,9199.230371406604,79733.07727725145,2.3018690677517104e+20,531609.1372297336,600943.5465640164,3.054100769131487e+19,70533.45898932697,9199.231869514437,79732.69085884141,4.603737760640838e+20,1063221.198177782,1201890.0055551424,2.451343895586668e+19,150143.23639542543,160245.61882211053
0.4800607202598113,4.470824035967342e+19,248266.62457583967,4.470823750280944e+19,10099.898653209333,8.941647786248287e+19,2.3018686928891278e+20,531612.0609480478,600946.4589911255,3.0541002717668864e+19,70533.84690584475,9199.230371406604,79733.07727725137,2.3018690677517084e+20,531609.1372297336,600943.5465640163,3.0541007691314844e+19,70533.45898932697,9199.23186951443,79732.6908588414,4.6037377606408366e+20,1063221.1981777814,1201890.0055551417,2.44751303101619e+19,150157.01845244525,160256.91710565457
0.5000600005186794,4.47105595910226e+19,248294.4979900468,4.471055671909291e+19,10100.422580134782,8.942111631011552e+19,2.3018482019033602e+20,531604.1466919917,600937.9275277682,3.054073084497085e+19,70532.7968489216,9199.148480854292,79731.94532977589,2.3018485798778814e+20,531601.2216347561,600935.0138554721,3.0540735859905794e+19,70532.40875475682,9199.149991398734,79731.55874615556,4.603696781781242e+20,1063205.3683267478,1201872.9413832403,2.449822015432757e+19,150179.24994589385,160279.67252602865
0.5000630001257556,4.47105153949885e+19,248860.39404195466,4.471051416800012e+19,10100.412967550299,8.942102956298863e+19,2.1157060426277562e+20,476175.83207525953,539902.8402034173,2.8071012129098465e+19,63178.61408178598,8455.246532712274,71633.86061449825,2.1157435346668844e+20,476261.43965684343,539989.5770796358,2.8071509570361405e+19,63189.97242464048,8455.396366586961,71645.36879122745,4.2314495772946406e+20,952437.271732103,1079892.417283053,2.551107901017754e+19,150193.82594379317,160294.23891134348
0.5000660002026718,4.471052181473945e+19,248864.0489443771,4.4710520577642455e+19,10100.414415532621,8.942104239238192e+19,2.115040373613324e+20,474948.1344973943,538655.0920637829,2.806218008787837e+19,63015.724186381056,8452.586240822564,71468.31042720363,2.114878393176038e+20,474831.4520804531,538533.5306473797,2.806003094488432e+19,63000.24286017104,8451.938899224577,71452.18175939561,4.2299187667893617e+20,949779.5865778474,1077188.6227111625,2.5492903001860743e+19,150194.60697894762,160295.02139448025
0.500069000277685,4.471050436682279e+19,248694.7243118703,4.471050315484804e+19,10100.410479603403,8.942100752167082e+19,2.1691141605523705e+20,499238.476684593,564574.1863509212,2.877962660381637e+19,66238.54662210056,8668.68771726356,74907.23433936413,2.1691095707792405e+20,499223.85548391636,564559.4269020646,2.8779565707087884e+19,66236.60669333403,8668.669374609935,74905.27606794397,4.338223731331611e+20,998462.3321685094,1129133.6132529858,2.5482810378360807e+19,150195.71250014787,160296.12297975126
0.500072000305095,4.471049834046456e+19,248864.93052231317,4.471049715096193e+19,10100.40912328419,8.942099549142648e+19,2.1152853755047818e+20,489243.51267226355,552957.8499205236,2.806543075263434e+19,64912.42309469631,8453.565370886721,73365.98846558302,2.115279793978174e+20,489246.44489973347,552960.6140272885,2.8065356697403036e+19,64912.81214020351,8453.543064771258,73366.35520497477,4.2305651694829555e+20,978489.9575719971,1105918.463947812,2.5476816417602945e+19,150196.86052623714,160297.26964952133
0.5000750005186754,4.471051441034755e+19,249001.87804748164,4.471051323910824e+19,10100.412757707196,8.942102764945578e+19,2.073047174656865e+20,486778.58268282464,549220.6665487525,2.750501781037109e+19,64585.37823006578,8284.763848335042,72870.14207840082,2.0730441163880605e+20,486776.1908874761,549218.1826355401,2.7504977233514828e+19,64585.06088864539,8284.75162621346,72869.81251485884,4.146091291044926e+20,973554.7735703008,1098438.8491842926,2.5473660277682467e+19,150198.01355523485,160298.42631294206
0.5000780000045851,4.471055695849685e+19,249198.74218932597,4.471055581156737e+19,10100.422375118807,8.942111277006422e+19,2.0138791984046345e+20,473702.5363863243,534362.4264939599,2.6719982013541917e+19,62850.45926309143,8048.303860050038,70898.76312314147,2.013879305274047e+20,473704.0665023682,534363.9598290084,2.671998343147674e+19,62850.66227761863,8048.3042871450225,70898.96656476364,4.0277585036786814e+20,947406.6028886925,1068726.3863229682,2.5470260019865395e+19,150199.84411694328,160300.26649206207
0.5000810005094688,4.471060262444631e+19,249290.45972200972,4.471060149371429e+19,10100.432695030306,8.94212041181606e+19,1.9870290607316858e+20,472339.15109367634,532190.2904073683,2.6363736615977525e+19,62669.56643433616,7940.999476129066,70610.56591046521,1.9870286106390063e+20,472337.36410123936,532188.4898577267,2.6363730644185547e+19,62669.32933766395,7940.997677370505,70610.32701503446,3.9740576713706924e+20,944676.5151949157,1064378.7802650952,2.5469850033259536e+19,150201.13894394255,160301.57163897285
0.5000840004782431,4.471065280347703e+19,249364.48423224932,4.471065168610633e+19,10100.444033837226,8.942130448958336e+19,1.9656621734810518e+20,471112.6476381413,530320.1966939904,2.608024252980066e+19,62506.83497409065,7855.608455022755,70362.4434291134,1.965661584732353e+20,471106.1501860809,530313.6815082788,2.608023471833213e+19,62505.9728975462,7855.606102136728,70361.57899968293,3.931323758213405e+20,942218.7978242221,1060633.8782022693,2.546956895524634e+19,150202.29590003385,160302.73993387108
0.5000870004302843,4.4710706826313335e+19,249416.03250713996,4.471070571941435e+19,10100.45624033351,8.94214125457277e+19,1.9510150290268933e+20,472260.5252339516,531026.8888534132,2.5885905433178927e+19,62659.134420542534,7797.072337592028,70456.20675813456,1.9510141560849184e+20,472249.85782424477,531016.1951498927,2.5885893851057594e+19,62657.71907747943,7797.068848950764,70454.78792643019,3.902029185111812e+20,944510.3830581964,1062043.084003306,2.5469175576447934e+19,150203.40760391892,160303.86384425242
0.5000900003661465,4.471076394700338e+19,249456.82215827788,4.471076284991895e+19,10100.469146507816,8.942152679692232e+19,1.9395669943579093e+20,474777.43059035914,533198.9688968034,2.573401385959895e+19,62993.07533371286,7751.321201332533,70744.3965350454,1.9395659201661318e+20,474764.5939025636,533186.0998533654,2.5733999607311946e+19,62991.37217263387,7751.316908412858,70742.68908104672,3.879132914524041e+20,949542.0244929227,1066385.068750169,2.546883140762522e+19,150204.49364224603,160304.96278875385
0.5000930002864977,4.471082373732334e+19,249490.78511871977,4.471082264913005e+19,10100.482655561304,8.942164638645338e+19,1.9301371258460943e+20,477947.3861964767,536084.8882071445,2.5608899147045503e+19,63413.66241185681,7713.635501413924,71127.29791327073,1.9301361432216987e+20,477935.0237257871,536072.4961389061,2.560888610966692e+19,63412.02216950974,7713.631574435818,71125.65374394556,3.860273269067793e+20,955882.4099222638,1072157.3843460507,2.5468509394411094e+19,150205.5567021037,160306.039357665
0.500096000192264,4.471088572603949e+19,249518.41092413443,4.471088464599873e+19,10100.496661080768,8.942177037203823e+19,1.9225562409059598e+20,481354.95795477834,539264.1167521335,2.5508316595019747e+19,63865.77620380521,7683.339113440597,71549.1153172458,1.9225556577780508e+20,481345.77908206615,539254.9203150735,2.550830885812738e+19,63864.55835859479,7683.336783017596,71547.89514161239,3.8451118986840107e+20,962700.7370368445,1078519.037067207,2.5468177475316847e+19,150206.59749946947,160307.09416055024
0.5000990000844282,4.471094953981284e+19,249541.7180137303,4.471094846729519e+19,10100.511078751028,8.942189800710803e+19,1.9162289654005878e+20,484247.5997321568,541966.1751831322,2.542436682890061e+19,64249.56951337612,7658.052673263934,71907.62218664006,1.9162290289737757e+20,484243.87455608544,541962.4519219436,2.542436767238471e+19,64249.07526010839,7658.052927329088,71907.12818743747,3.832457994374363e+20,968491.4742882422,1083928.6271050759,2.5467848257503633e+19,150207.61825319155,160308.1293319426
0.5001020004826794,4.4711014877568926e+19,249561.45424550102,4.471101381205729e+19,10100.525840582666,8.942202868962622e+19,1.910931737406284e+20,486144.41959101154,543703.4376721784,2.535408364764448e+19,64501.23799752193,7636.882733901189,72138.12073142311,1.910932650028544e+20,486147.7529392086,543706.7985093957,2.5354095756241175e+19,64501.6802633942,7636.886381121666,72138.56664451587,3.821864387434828e+20,972292.1725302201,1087410.236181574,2.5467520761625416e+19,150208.62234411784,160309.14818470052
0.5001050003507667,4.471108148780959e+19,249578.62467881362,4.471108042885366e+19,10100.540889775606,8.942216191666325e+19,1.9063725902693155e+20,486621.06430997344,544042.7566942802,2.5293593261928493e+19,64564.47882312657,7618.662474448652,72183.14129757523,1.9063744732599373e+20,486632.2325936214,544053.9816953342,2.5293618245292057e+19,64565.96062172996,7618.669999667092,72184.63062139705,3.812747063529253e+20,973253.2969035949,1088096.7383896145,2.546719423496772e+19,150209.61389248236,160310.15478225797
0.5001080002083544,4.471114922063751e+19,249593.87415182922,4.471114816785139e+19,10100.556192481561,8.94222973884889e+19,1.9023656225598076e+20,485451.4032528188,542752.4020914966,2.5240429147014496e+19,64409.289165108,7602.648955013585,72011.93812012157,1.902368508451276e+20,485470.32632444025,542771.4120888183,2.524046743678323e+19,64411.79986254173,7602.660488243411,72014.46035078514,3.804734131011083e+20,970921.729577259,1085523.814180315,2.5466870983695475e+19,150210.59819527683,160311.1543877584
0.5001110000563224,4.47112179526515e+19,249607.68355987745,4.471121690569511e+19,10100.571720833696,8.942243485834661e+19,1.8987732654504854e+20,482581.10862461064,539773.9023695315,2.519276605112307e+19,64028.46085673656,7588.29239300503,71616.7532497416,1.8987770976560375e+20,482606.9000545441,539799.8092290139,2.51928168965085e+19,64031.882842249055,7588.30770810186,71620.19055035092,3.797550363106523e+20,965188.0086791548,1079573.7115985453,2.5466549543215673e+19,150211.58057862977,160312.15229946346
0.5001140004140607,4.471128760564849e+19,249620.41073855083,4.47112865642215e+19,10100.587457174384,8.942257416987e+19,1.8954939351598626e+20,478127.62757337344,535221.644879661,2.5149256169074872e+19,63437.57668810829,7575.186817130713,71012.76350523901,1.8954985754849676e+20,478158.71259088145,535252.8696680209,2.5149317736523444e+19,63441.70102242548,7575.205361811386,71016.90638423686,3.79099251064483e+20,956286.3401642549,1070474.514547682,2.5466230621478937e+19,150212.56623004744,160313.1536872218
0.5001170002448128,4.471135808527114e+19,249632.2405202536,4.471135704910283e+19,10100.603380194354,8.942271513437397e+19,1.8924751864486763e+20,472364.0331849421,529367.1230089715,2.510920366178933e+19,62672.86776954835,7563.122634272076,70235.99040382043,1.8924804289690842e+20,472398.3054135309,529401.5531470873,2.510927321911519e+19,62677.41498038573,7563.143585577129,70240.55856596284,3.7849556154177605e+20,944762.338598473,1058768.676156059,2.546591459095435e+19,150213.55910381608,160314.16248401042
0.5001199999999999,4.471142934035937e+19,249643.261446563,4.471142830920713e+19,10100.619478342516,8.94228576495665e+19,1.889691883699578e+20,465683.271974881,522602.5261651592,2.507227503198221e+19,61786.46991852028,7551.999391985745,69338.46931050601,1.8896974722125362e+20,465718.2739389315,522637.69646035007,2.5072349179908497e+19,61791.11395005288,7552.021726021788,69343.13567607467,3.7793893559121143e+20,931401.5459138125,1045240.2226255093,2.546560121947921e+19,150214.56255693611,160315.18203527865
