Nz,mapping,metric,final,mean,window_min,window_max,final_difference_percent,mean_difference_percent
128,original,Ni,4.470162386181392e+19,4.470121070929128e+19,4.470080941078473e+19,4.470162386181392e+19,-0.04708809419082021,-0.04780345760606881
128,original,Hi,250042.09159935577,250010.2213799475,249979.844622657,250087.91453250538,0.2826244755451046,0.2858149928663331
128,original,Ne,4.47016203328049e+19,4.470120709557985e+19,4.470080570061596e+19,4.47016203328049e+19,-0.047095866888865405,-0.04781141973462167
128,original,Ee,10098.403788949023,10098.31043581481,10098.219757928875,10098.403788949023,-0.04709586690311732,-0.047811419748938794
128,original,Ntot,8.940324419461882e+19,8.940241780487112e+19,8.940161511140069e+19,8.940324419461882e+19,-0.04709198053984051,-0.047807438670342886
128,original,loss_lo,1.779129892563849e+20,1.7871852028329646e+20,1.766674730946578e+20,1.7951607075569454e+20,-9.471814361801183,-9.57824992334813
128,original,Pi_lo,358832.6124784304,810952.7480198687,358832.6124784304,974487.9290109844,-41.72590730193087,31.661653396670847
128,original,Ptot_lo,412421.6380047015,864784.4068858628,412421.6380047015,1028180.6134083074,-38.89714171519769,28.026892498163146
128,original,gamma_lo,2.360534771237518e+19,2.371222490027939e+19,2.3440093662056337e+19,2.3818043234836152e+19,-9.471814361801194,-9.578249923348137
128,original,qi_lo,47609.613123227,107596.53735978236,47609.613123227,129294.24940788092,-41.725907301930874,31.661653396670847
128,original,qe_lo,7110.147417578631,7142.33980766051,7060.371380663785,7174.213261394334,-9.47181436180119,-9.578249923348139
128,original,qtot_lo,54719.76054080563,114738.87716744286,54719.76054080563,136418.15019841382,-38.897141715197705,28.0268924981631
128,original,loss_hi,1.7792817976521064e+20,1.787253187433414e+20,1.7666602229576588e+20,1.795242220556244e+20,-9.464078545071224,-9.57480370667672
128,original,Pi_hi,361013.08112699486,812211.003012223,361013.08112699486,975182.3747096751,-41.371798912347415,31.86594853029839
128,original,Ptot_hi,414606.68217396643,866044.7096367894,414606.68217396643,1028878.0266653667,-38.573411158661784,28.21348535080407
128,original,gamma_hi,2.360736317647542e+19,2.3713126914314416e+19,2.3439901171264094e+19,2.381912474254399e+19,-9.46407854507123,-9.574803706676711
128,original,qi_hi,47898.91589330879,107763.48158757448,47898.91589330879,129386.3878866607,-41.371798912347415,31.86594853029838
128,original,qe_hi,7110.754493866688,7142.611502567947,7060.31340067018,7174.539021443695,-9.464078545071212,-9.574803706676702
128,original,qtot_hi,55009.67038717547,114906.09309014243,55009.67038717547,136510.6824103744,-38.57341115866179,28.213485350804078
128,original,loss,3.5584116902159555e+20,3.574438390266378e+20,3.533334953904237e+20,3.5904028056454064e+20,-9.467946453572246,-9.576526815075026
128,original,Pi,719845.6936054253,1623163.751032092,719845.6936054253,1949670.3037206596,-41.548853110532406,31.763800958819694
128,original,Ptot,827028.320178668,1730829.1165226523,827028.320178668,2057057.2873302992,-38.73527644025915,28.120188920299714
128,original,n0,2.546448095764352e+19,2.5467068565275054e+19,2.546448095764352e+19,2.546956454390013e+19,-0.0250603373680957,-0.01464359131166017
128,original,Ei,150222.59816847375,150221.59429123372,150221.167885191,150222.59816847375,0.04751268021121782,0.04766973318461099
128,original,Etot,160321.00195742276,160319.90478007885,160319.49587993143,160321.00195742276,0.04154813034807757,0.04165015136526914
192,original,Ni,4.471142934035937e+19,4.471125357672501e+19,4.471108147995324e+19,4.471142934035937e+19,-0.025163026406318664,-0.025347541006540145
192,original,Hi,249643.261446563,249613.12114769887,249578.62279380695,249643.261446563,0.12266846899350788,0.1265274237217518
192,original,Ne,4.471142830920713e+19,4.471125253227038e+19,4.471108042099656e+19,4.471142830920713e+19,-0.02516521386614694,-0.025349758233711422
192,original,Ee,10100.619478342516,10100.57976912233,10100.540888000634,10100.619478342516,-0.025165213884575377,-0.025349758251560054
192,original,Ntot,8.94228576495665e+19,8.94225061089954e+19,8.94221619009498e+19,8.94228576495665e+19,-0.025164120136232156,-0.025348649620106814
192,original,loss_lo,1.889691883699578e+20,1.897401779281038e+20,1.889691883699578e+20,1.9063730880951855e+20,-3.846043865842314,-4.0018968324125845
192,original,Pi_lo,465683.271974881,479046.72477587534,465683.271974881,486621.1008508851,-24.373456549645155,-22.224711621907748
192,original,Ptot_lo,522602.5261651592,536198.2080984089,522602.5261651592,544042.808230164,-22.573150501901193,-20.61860759824839
192,original,gamma_lo,2.507227503198221e+19,2.5174569286486696e+19,2.507227503198221e+19,2.529359986704081e+19,-3.84604386584232,-4.001896832412589
192,original,qi_lo,61786.46991852028,63559.521741907956,61786.46991852028,64564.48367134439,-24.373456549645173,-22.224711621907744
192,original,qe_lo,7551.999391985745,7582.811360458335,7551.999391985745,7618.664463969113,-3.846043865842331,-4.00189683241259
192,original,qtot_lo,69338.46931050601,71142.3331023663,69338.46931050601,72183.14813531352,-22.573150501901214,-20.618607598248378
192,original,loss_hi,1.8896974722125362e+20,1.8974058598775246e+20,1.8896974722125362e+20,1.9063749709683914e+20,-3.845752739351592,-4.001683402274446
192,original,Pi_hi,465718.2739389315,479073.4977741107,465718.2739389315,486632.2682093119,-24.367769363234665,-22.22035780675062
192,original,Ptot_hi,522637.69646035007,536225.1040079563,522637.69646035007,544054.0323024602,-22.567936616169952,-20.6146186767989
192,original,gamma_hi,2.5072349179908497e+19,2.517462342750243e+19,2.5072349179908497e+19,2.529362484884651e+19,-3.845752739351596,-4.001683402274445
192,original,qi_hi,61791.11395005288,63563.07396108785,61791.11395005288,64565.9653471902,-24.367769363234665,-22.220357806750634
192,original,qe_hi,7552.021726021788,7582.827668229263,7552.021726021788,7618.67198871831,-3.845752739351594,-4.001683402274441
192,original,qtot_hi,69343.13567607467,71145.90162931712,69343.13567607467,72184.63733590851,-22.567936616169955,-20.614618676798916
192,original,loss,3.7793893559121143e+20,3.7948076391585625e+20,3.7793893559121143e+20,3.8127480590635775e+20,-3.8458983026020728,-4.001790117347391
192,original,Pi,931401.5459138125,958120.222549986,931401.5459138125,973253.3690601969,-24.370612956494405,-22.222534714428605
192,original,Ptot,1045240.2226255093,1072423.3121063653,1045240.2226255093,1088096.8405326242,-22.570543559089195,-20.616613137613086
192,original,n0,2.546560121947921e+19,2.5466392716673077e+19,2.546560121947921e+19,2.546719427314763e+19,-0.02066212836412079,-0.017297016584135676
192,original,Ei,150214.56255693611,150212.07839403354,150209.6137765432,150214.56255693611,0.042161002387731426,0.04133214007896924
192,original,Etot,160315.18203527865,160312.65817983213,160310.15466455914,160315.18203527865,0.03791645381046326,0.037128181073032084
256,original,Ni,4.471980081086755e+19,4.471967482723267e+19,4.471955074772843e+19,4.471980081086755e+19,-0.00644440319001686,-0.006517570352086624
256,original,Hi,249481.35629859564,249463.9674094851,249430.93031103886,249481.35629859564,0.05773430910700222,0.06669785310084674
256,original,Ne,4.471980051205627e+19,4.471967452438104e+19,4.471955044138734e+19,4.471980051205627e+19,-0.006444953111996882,-0.006518129327905466
256,original,Ee,10102.510816609212,10102.482355125889,10102.454323923244,10102.510816609212,-0.006444953098291117,-0.006518129314571337
256,original,Ntot,8.943960132292382e+19,8.943934935161371e+19,8.943910118911577e+19,8.943960132292382e+19,-0.0064446781510067086,-0.006517849839986722
256,original,loss_lo,1.9379124037291734e+20,1.9423616939363644e+20,1.9379124037291734e+20,1.9513357441393748e+20,-1.392419649277126,-1.7271722207789835
256,original,Pi_lo,566269.1572393351,562666.663642844,560744.5065116304,566269.1572393351,-8.038399483530556,-8.648656253656021
256,original,Ptot_lo,624640.8577572012,621172.3808660015,619417.766547922,624640.8577572012,-7.4555302309319655,-8.038617492722858
256,original,gamma_lo,2.571206088849988e+19,2.5771093701591826e+19,2.571206088849988e+19,2.5890160654665773e+19,-1.392419649277126,-1.7271722207789708
256,original,qi_lo,75132.12166968551,74654.14581006889,74399.11559766137,75132.12166968551,-8.038399483530576,-8.648656253656052
256,original,qe_lo,7744.708764918965,7762.489990117274,7744.708764918965,7798.35404936491,-1.392419649277134,-1.727172220778975
256,original,qtot_lo,82876.83043460449,82416.6358001862,82183.83502913237,82876.83043460449,-7.455530230931975,-8.038617492722874
256,original,loss_hi,1.9379118615852312e+20,1.9423613384581926e+20,1.9379118615852312e+20,1.9513355910830037e+20,-1.3924402989029878,-1.7271830663959598
256,original,Pi_hi,566264.5125523676,562664.0170619588,560743.5902293415,566264.5125523676,-8.039150251613107,-8.649077593662435
256,original,Ptot_hi,624636.1967403605,621169.7235777874,619416.4608938235,624636.1967403605,-7.45621698280334,-8.039002642594665
256,original,gamma_hi,2.5712053695379382e+19,2.577108898513727e+19,2.5712053695379382e+19,2.5890158623926874e+19,-1.3924402989029971,-1.7271830663959642
256,original,qi_hi,75131.50541647559,74653.79466391518,74398.9940260889,75131.50541647559,-8.039150251613119,-8.649077593662446
256,original,qe_hi,7744.706598285043,7762.488569477867,7744.706598285043,7798.353437687711,-1.3924402989029803,-1.727183066395945
256,original,qtot_hi,82876.21201476063,82416.28323339306,82183.66179603155,82876.21201476063,-7.456216982803345,-8.039002642594657
256,original,loss,3.875824265314405e+20,3.884723032394558e+20,3.875824265314405e+20,3.9026713352223785e+20,-1.3924299740896853,-1.7271776435872581
256,original,Pi,1132533.6697917026,1125330.680704803,1121488.0967409718,1132533.6697917026,-8.038774867564637,-8.648866923649589
256,original,Ptot,1249277.0544975617,1242342.1044437888,1238834.2274417456,1249277.0544975617,-7.455873606860589,-8.038810067650141
256,original,n0,2.547065466807773e+19,2.5470920105203323e+19,2.547065466807773e+19,2.547118177396268e+19,-0.0008220138310350021,0.00047780326358118645
256,original,Ei,150205.44993700436,150203.6977985827,150201.91851029504,150205.44993700436,0.036092042262641705,0.03575065860295849
256,original,Etot,160307.9607536136,160306.18016572166,160304.37283424824,160307.9607536136,0.03341031806756492,0.03308581825972852
320,original,Ni,4.472213659596686e+19,4.472202922808527e+19,4.47219272068638e+19,4.472213659596686e+19,-0.0012215834780468832,-0.001253114803243515
320,original,Hi,249421.24178229686,249385.52542761943,249340.20799811737,249421.24178229686,0.033624602517364724,0.035232667247106136
320,original,Ne,4.4722136464322494e+19,4.472202909608778e+19,4.472192707446453e+19,4.4722136464322494e+19,-0.0012217596083370953,-0.0012532917418621103
320,original,Ee,10103.038524307416,10103.014269083878,10102.991221696684,10103.038524307416,-0.0012217596044258512,-0.0012532917384860984
320,original,Ntot,8.944427306028935e+19,8.944405832417305e+19,8.944385428132833e+19,8.944427306028935e+19,-0.0012216715432010958,-0.0012532032725527604
320,original,loss_lo,1.9518419604041646e+20,1.961759744251398e+20,1.9518419604041646e+20,1.9745175140033597e+20,-0.6836363851646872,-0.7457374736806301
320,original,Pi_lo,596309.6202994436,596057.0251003467,595935.6797194588,596309.6202994436,-3.159855370813066,-3.2275880006145163
320,original,Ptot_lo,655100.8918510749,655147.029405542,654965.3804719697,655757.8389790219,-2.9426846984019925,-3.008845168429888
320,original,gamma_lo,2.5896877090041274e+19,2.6028465422758654e+19,2.5896877090041274e+19,2.619773445268625e+19,-0.6836363851646978,-0.745737473680633
320,original,qi_lo,79117.86536911118,79084.35124779782,79068.25124340174,79117.86536911118,-3.159855370813083,-3.2275880006145226
320,original,qe_lo,7800.377101353906,7840.012715090848,7800.377101353906,7890.998100719581,-0.6836363851646898,-0.7457374736806537
320,original,qtot_lo,86918.24247046508,86924.36396288869,86900.26293318604,87005.40567000803,-2.9426846984020174,-3.0088451684299065
320,original,loss_hi,1.9517946093454695e+20,1.961711739110668e+20,1.9517946093454695e+20,1.9744702612143627e+20,-0.6860387820336108,-0.748159059244913
320,original,Pi_hi,596284.710264169,596032.8808432056,595911.3831031626,596284.710264169,-3.163897026316686,-3.231499085647305
320,original,Ptot_hi,655074.5555584463,655121.4391894955,654939.3595102641,655733.6500629236,-2.9465825931213216,-3.012624969735216
320,original,gamma_hi,2.5896248840125886e+19,2.602782849453713e+19,2.5896248840125886e+19,2.6197107506605064e+19,-0.6860387820336104,-0.7481590592449026
320,original,qi_hi,79114.56032631209,79081.14780780576,79065.02758852344,79114.56032631209,-3.1638970263166843,-3.231499085647297
320,original,qe_hi,7800.187866712335,7839.820866463807,7800.187866712335,7890.80925880484,-0.6860387820336088,-0.7481590592449023
320,original,qtot_hi,86914.74819302442,86920.96867426956,86896.81049359046,87002.19630470267,-2.946582593121323,-3.0126249697352163
320,original,loss,3.9036365697496344e+20,3.923471483362066e+20,3.9036365697496344e+20,3.948987775217723e+20,-0.6848375835568917,-0.7469482664187972
320,original,Pi,1192594.3305636127,1192089.9059435523,1191847.0628864192,1192594.3305636127,-3.161876198526128,-3.2295435430416037
320,original,Ptot,1310175.4474095213,1310268.4685950375,1309904.7399822338,1311491.4890419454,-2.9446336457215603,-3.0107350689978074
320,original,n0,2.547095029085201e+19,2.54709979843242e+19,2.547095029085201e+19,2.5471041635259367e+19,0.00033861728768767255,0.0007835617232788854
320,original,Ei,150189.25685135383,150187.82613745893,150186.38258522213,150189.25685135383,0.02530752673897365,0.025180123003738224
320,original,Etot,160292.29537566126,160290.84043091105,160289.37380692462,160292.29537566126,0.023635000777478193,0.023513629544654663
400,original,Ni,4.472268292087236e+19,4.4722589653476614e+19,4.472250252509127e+19,4.472268292087236e+19,0.0,0.0
400,original,Hi,249337.40307158692,249297.69120162365,249248.6186583965,249337.40307158692,0.0,0.0
400,original,Ne,4.472268286799754e+19,4.472258960060999e+19,4.472250247221263e+19,4.472268286799754e+19,0.0,0.0
400,original,Ee,10103.161960659021,10103.140890913992,10103.121208009103,10103.161960659021,0.0,0.0
400,original,Ntot,8.94453657888699e+19,8.94451792540866e+19,8.944500499730388e+19,8.94453657888699e+19,0.0,0.0
400,original,loss_lo,1.9652773111727276e+20,1.9764992397492208e+20,1.9652773111727276e+20,1.9905231606952483e+20,0.0,0.0
400,original,Pi_lo,615766.9658412717,615936.9315958888,615688.2802271384,616598.0572906652,0.0,0.0
400,original,Ptot_lo,674962.9224911076,675470.9030356808,674960.3901055594,676554.4421026885,0.0,0.0
400,original,gamma_lo,2.6075136208644825e+19,2.6224027825360806e+19,2.6075136208644825e+19,2.641009604421626e+19,0.0,0.0
400,original,qi_lo,81699.4498222441,81722.00073746227,81689.00988028516,81809.71834578313,0.0,0.0
400,original,qe_lo,7854.070384216857,7898.917905930644,7854.070384216857,7954.963361473541,0.0,0.0
400,original,qtot_lo,89553.52020646096,89620.91864339291,89553.18421164878,89764.68170725666,0.0,0.0
400,original,loss_hi,1.965277172926197e+20,1.9764990961544413e+20,1.965277172926197e+20,1.9905230116654324e+20,0.0,0.0
400,original,Pi_hi,615766.9422387005,615936.8753379149,615688.2443095403,616597.9607959575,0.0,0.0
400,original,Ptot_hi,674962.894724424,675470.8424525004,674960.360400638,676554.3411190659,0.0,0.0
400,original,gamma_hi,2.607513437440166e+19,2.622402592015752e+19,2.607513437440166e+19,2.6410094066901357e+19,0.0,0.0
400,original,qi_hi,81699.44669067556,81721.99327320202,81689.00511476907,81809.70554294642,0.0,0.0
400,original,qe_hi,7854.069831725977,7898.917332065924,7854.069831725977,7954.962765888142,0.0,0.0
400,original,qtot_hi,89553.51652240154,89620.91060526794,89553.18027042558,89764.66830883457,0.0,0.0
400,original,loss,3.9305544840989245e+20,3.952998335903662e+20,3.9305544840989245e+20,3.981046172360681e+20,0.0,0.0
400,original,Pi,1231533.908079972,1231873.8069338037,1231376.5245366786,1233196.018086623,0.0,0.0
400,original,Ptot,1349925.8172155316,1350941.7454881812,1349920.7505061973,1353108.7832217542,0.0,0.0
400,original,n0,2.5470864042103042e+19,2.5470798404897284e+19,2.547073217100777e+19,2.5470864042103042e+19,0.0,0.0
400,original,Ei,150151.25728176834,150150.01817819153,150148.76856343728,150151.25728176834,0.0,0.0
400,original,Etot,160254.41924242736,160253.15909674743,160251.88977148366,160254.41924242736,0.0,0.0
256,nunif,Ni,4.547469143246602e+19,4.547453723732364e+19,4.547438572129872e+19,4.547469143246602e+19,1.6814923937461124,1.6813596656037297
256,nunif,Hi,270570.1092444527,270556.9856633056,270537.67624773795,270570.1092444527,8.515652249241429,8.527674026667245
256,nunif,Ne,4.547469076660642e+19,4.547453656406291e+19,4.5474385040492e+19,4.547469076660642e+19,1.6814910250990243,1.6813582803860347
256,nunif,Ee,10273.04572227933,10273.010886863416,10272.976656645867,10273.04572227933,1.6814910251050523,1.68135828039568
256,nunif,Ntot,9.094938219907244e+19,9.094907380138652e+19,9.094877076179073e+19,9.094938219907244e+19,1.6814917094225688,1.6813589729948644
256,nunif,loss_lo,1.9696987835664613e+20,1.9726916113960023e+20,1.9696987835664613e+20,1.9774446818634685e+20,0.22497956744309722,-0.1926450704682078
256,nunif,Pi_lo,653574.2763989719,634042.022531283,615423.743954326,653574.2763989719,6.139873142763872,2.9394390897269282
256,nunif,Ptot_lo,712903.4118560224,693461.3047098424,674986.1929784731,712903.4118560224,5.621122005470557,2.6633866230669225
256,nunif,gamma_lo,2.613379993729723e+19,2.6173508528477037e+19,2.613379993729723e+19,2.623657187284268e+19,0.2249795674430943,-0.19264507046821008
256,nunif,qi_lo,86715.6923996659,84124.16917204615,81653.91142722462,86715.6923996659,6.139873142763856,2.93943908972692
256,nunif,qe_lo,7871.740437793944,7883.701029964538,7871.740437793944,7902.69628818097,0.22497956744309033,-0.19264507046821158
256,nunif,qtot_lo,94587.43283745984,92007.8702020107,89556.6077154056,94587.43283745984,5.621122005470535,2.6633866230668906
256,nunif,loss_hi,1.9696951731447176e+20,1.972687349303594e+20,1.9696951731447176e+20,1.977440544200158e+20,0.22480290716156037,-0.19285345782670735
256,nunif,Pi_hi,653538.0920434612,634004.1935835665,615389.6410763225,653538.0920434612,6.134000904212038,2.933306799619599
256,nunif,Ptot_hi,712867.1187512946,693423.3473839901,674951.9654702526,712867.1187512946,5.615749298684963,2.6577764432151842
256,nunif,gamma_hi,2.6133752034521596e+19,2.6173451979389125e+19,2.6133752034521596e+19,2.623651697466971e+19,0.22480290716155557,-0.19285345782670535
256,nunif,qi_hi,86710.89148941782,84119.15005866953,81649.38668568412,86710.89148941782,6.1340009042120265,2.933306799619602
256,nunif,qe_hi,7871.726009038196,7883.683996860163,7871.726009038196,7902.67975234733,0.2248029071615642,-0.19285345782669489
256,nunif,qtot_hi,94582.61749845602,92002.83405552967,89552.06643803147,94582.61749845602,5.6157492986849595,2.6577764432151647
256,nunif,loss,3.939393956711179e+20,3.945378960699596e+20,3.939393956711179e+20,3.954885226063627e+20,0.22489123730544391,-0.192749264143681
256,nunif,Pi,1307112.368442433,1268046.2161148493,1230813.3850306487,1307112.368442433,6.136937023544227,2.936372944813281
256,nunif,Ptot,1425770.530607317,1386884.6520938321,1349938.1584487257,1425770.530607317,5.618435652133024,2.6605815332668135
256,nunif,n0,2.566300560552065e+19,2.5663698056136778e+19,2.566300560552065e+19,2.5664368522959962e+19,0.7543582467402772,0.7573364924532743
256,nunif,Ei,169617.62945494798,169615.13498369278,169612.54480566166,169617.62945494798,12.964508273580261,12.963779186760336
256,nunif,Etot,179890.6751772273,179888.14588283113,179885.5214623165,179890.6751772273,12.253175935881607,12.25248032347976
